DV_ENC,1975,1,63.67
DV_ENC,1975,2,62.6
DV_ENC,1975,3,63.51
DV_ENC,1975,4,65.02
DV_ENC,1976,1,64.97
DV_ENC,1976,2,66.99
DV_ENC,1976,3,68.59
DV_ENC,1976,4,69.7
DV_ENC,1977,1,72.82
DV_ENC,1977,2,74.76
DV_ENC,1977,3,77.04
DV_ENC,1977,4,80.16
DV_ENC,1978,1,82.94
DV_ENC,1978,2,87.07
DV_ENC,1978,3,89.68
DV_ENC,1978,4,92.44
DV_ENC,1979,1,94.76
DV_ENC,1979,2,98.67
DV_ENC,1979,3,99.46
DV_ENC,1979,4,99.67
DV_ENC,1980,1,100
DV_ENC,1980,2,100.62
DV_ENC,1980,3,102.68
DV_ENC,1980,4,100.71
DV_ENC,1981,1,103.05
DV_ENC,1981,2,104.21
DV_ENC,1981,3,104.29
DV_ENC,1981,4,102.48
DV_ENC,1982,1,96.15
DV_ENC,1982,2,98.39
DV_ENC,1982,3,95.08
DV_ENC,1982,4,99.7
DV_ENC,1983,1,102.39
DV_ENC,1983,2,104.4
DV_ENC,1983,3,104.85
DV_ENC,1983,4,104.39
DV_ENC,1984,1,105.32
DV_ENC,1984,2,106.74
DV_ENC,1984,3,106.8
DV_ENC,1984,4,107.37
DV_ENC,1985,1,108.63
DV_ENC,1985,2,109.99
DV_ENC,1985,3,111.33
DV_ENC,1985,4,112.55
DV_ENC,1986,1,114.14
DV_ENC,1986,2,116.45
DV_ENC,1986,3,118.68
DV_ENC,1986,4,120.66
DV_ENC,1987,1,122.91
DV_ENC,1987,2,125.97
DV_ENC,1987,3,128.39
DV_ENC,1987,4,129.88
DV_ENC,1988,1,132.08
DV_ENC,1988,2,135.1
DV_ENC,1988,3,137.05
DV_ENC,1988,4,138.23
DV_ENC,1989,1,140.3
DV_ENC,1989,2,142.46
DV_ENC,1989,3,145.46
DV_ENC,1989,4,146.46
DV_ENC,1990,1,148.2
DV_ENC,1990,2,150.01
DV_ENC,1990,3,151.63
DV_ENC,1990,4,152.02
DV_ENC,1991,1,153.94
DV_ENC,1991,2,155.82
DV_ENC,1991,3,157.11
DV_ENC,1991,4,159.2
DV_ENC,1992,1,160.63
DV_ENC,1992,2,162.05
DV_ENC,1992,3,163.89
DV_ENC,1992,4,165.33
DV_ENC,1993,1,166.25
DV_ENC,1993,2,167.94
DV_ENC,1993,3,169.81
DV_ENC,1993,4,171.54
DV_ENC,1994,1,173.88
DV_ENC,1994,2,177.06
DV_ENC,1994,3,179.29
DV_ENC,1994,4,180.38
DV_ENC,1995,1,182.43
DV_ENC,1995,2,185.75
DV_ENC,1995,3,188.72
DV_ENC,1995,4,191.08
DV_ENC,1996,1,193.45
DV_ENC,1996,2,195.87
DV_ENC,1996,3,198.02
DV_ENC,1996,4,200.26
DV_ENC,1997,1,202.56
DV_ENC,1997,2,204.89
DV_ENC,1997,3,207.75
DV_ENC,1997,4,210.21
DV_ENC,1998,1,212.3
DV_ENC,1998,2,214.56
DV_ENC,1998,3,217.24
DV_ENC,1998,4,219.09
DV_ENC,1999,1,221.76
DV_ENC,1999,2,224.63
DV_ENC,1999,3,227.22
DV_ENC,1999,4,229.14
DV_ENC,2000,1,233.18
DV_ENC,2000,2,236.05
DV_ENC,2000,3,239.6
DV_ENC,2000,4,242.54
DV_ENC,2001,1,246.58
DV_ENC,2001,2,249.71
DV_ENC,2001,3,252.84
DV_ENC,2001,4,254.99
DV_ENC,2002,1,258.11
DV_ENC,2002,2,260.86
DV_ENC,2002,3,263.64
DV_ENC,2002,4,265.59
DV_ENC,2003,1,267.87
DV_ENC,2003,2,269.99
DV_ENC,2003,3,272.8
DV_ENC,2003,4,278.14
DV_ENC,2004,1,280.22
DV_ENC,2004,2,283.43
DV_ENC,2004,3,289.13
DV_ENC,2004,4,292.5
DV_ENC,2005,1,296.1
DV_ENC,2005,2,299.74
DV_ENC,2005,3,303.9
DV_ENC,2005,4,305.54
DV_ENC,2006,1,306.47
DV_ENC,2006,2,305.36
DV_ENC,2006,3,305.58
DV_ENC,2006,4,307.97
DV_ENC,2007,1,308.12
DV_ENC,2007,2,306.15
DV_ENC,2007,3,302
DV_ENC,2007,4,302.21
DV_ENC,2008,1,302.5
DV_ENC,2008,2,296.05
DV_ENC,2008,3,287.68
DV_ENC,2008,4,286.91
DV_ENC,2009,1,290.26
DV_ENC,2009,2,282.73
DV_ENC,2009,3,274.65
DV_ENC,2009,4,272.67
DV_ENC,2010,1,268.59
DV_ENC,2010,2,266.19
DV_ENC,2010,3,269.72
DV_ENC,2010,4,268.55
DV_ENC,2011,1,260.11
DV_ENC,2011,2,255.99
DV_ENC,2011,3,259.23
DV_ENC,2011,4,260.24
DV_ENC,2012,1,256.81
DV_ENC,2012,2,255.1
DV_ENC,2012,3,258.25
DV_ENC,2012,4,259.06
DV_ENC,2013,1,258.96
DV_ENC,2013,2,260.88
DV_ENC,2013,3,262.95
DV_ENC,2013,4,263.49
DV_ENC,2014,1,264.28
DV_ENC,2014,2,269.95
DV_ENC,2014,3,273.84
DV_ENC,2014,4,275.29
DV_ENC,2015,1,277.38
DV_ENC,2015,2,281.42
DV_ENC,2015,3,284.06
DV_ENC,2015,4,285.36
DV_ENC,2016,1,286.86
DV_ENC,2016,2,291.94
DV_ENC,2016,3,296.83
DV_ENC,2016,4,297.95
DV_ENC,2017,1,299.46
DV_ENC,2017,2,306.25
DV_ENC,2017,3,310.85
DV_ENC,2017,4,312.11
DV_ENC,2018,1,315.92
DV_ENC,2018,2,322.09
DV_ENC,2018,3,325.87
DV_ENC,2018,4,326.65
DV_ENC,2019,1,330.4
DV_ENC,2019,2,336.54
DV_ENC,2019,3,340.84
DV_ENC,2019,4,343.36
DV_ENC,2020,1,346.77
DV_ENC,2020,2,349.76
DV_ENC,2020,3,356.55
DV_ENC,2020,4,363.79
DV_ENC,2021,1,369.94
DV_ENC,2021,2,389.26
DV_ENC,2021,3,407.68
DV_ENC,2021,4,417.42
DV_ESC,1975,1,69.3
DV_ESC,1975,2,68.76
DV_ESC,1975,3,69.44
DV_ESC,1975,4,70.17
DV_ESC,1976,1,71.56
DV_ESC,1976,2,70.45
DV_ESC,1976,3,71.82
DV_ESC,1976,4,74.54
DV_ESC,1977,1,74.87
DV_ESC,1977,2,77.51
DV_ESC,1977,3,79.91
DV_ESC,1977,4,82.49
DV_ESC,1978,1,84.84
DV_ESC,1978,2,85.27
DV_ESC,1978,3,90.53
DV_ESC,1978,4,91.97
DV_ESC,1979,1,95.31
DV_ESC,1979,2,96.82
DV_ESC,1979,3,99.36
DV_ESC,1979,4,99.32
DV_ESC,1980,1,100
DV_ESC,1980,2,100.6
DV_ESC,1980,3,103.52
DV_ESC,1980,4,104.45
DV_ESC,1981,1,101.21
DV_ESC,1981,2,108.95
DV_ESC,1981,3,108.59
DV_ESC,1981,4,101.36
DV_ESC,1982,1,107.19
DV_ESC,1982,2,104.66
DV_ESC,1982,3,107.35
DV_ESC,1982,4,109.37
DV_ESC,1983,1,112.44
DV_ESC,1983,2,112.81
DV_ESC,1983,3,113.69
DV_ESC,1983,4,114.04
DV_ESC,1984,1,116.94
DV_ESC,1984,2,117.07
DV_ESC,1984,3,116.28
DV_ESC,1984,4,118.81
DV_ESC,1985,1,120.88
DV_ESC,1985,2,122.65
DV_ESC,1985,3,124.11
DV_ESC,1985,4,125.41
DV_ESC,1986,1,127.23
DV_ESC,1986,2,129.36
DV_ESC,1986,3,130.17
DV_ESC,1986,4,132.26
DV_ESC,1987,1,134.55
DV_ESC,1987,2,135.92
DV_ESC,1987,3,136.59
DV_ESC,1987,4,136.72
DV_ESC,1988,1,138.43
DV_ESC,1988,2,139.56
DV_ESC,1988,3,139.64
DV_ESC,1988,4,139.88
DV_ESC,1989,1,139.75
DV_ESC,1989,2,141.58
DV_ESC,1989,3,143.51
DV_ESC,1989,4,143.75
DV_ESC,1990,1,144.06
DV_ESC,1990,2,144.26
DV_ESC,1990,3,144.86
DV_ESC,1990,4,144.43
DV_ESC,1991,1,146.26
DV_ESC,1991,2,147.13
DV_ESC,1991,3,147.72
DV_ESC,1991,4,150.24
DV_ESC,1992,1,151.57
DV_ESC,1992,2,151.8
DV_ESC,1992,3,154.33
DV_ESC,1992,4,155.02
DV_ESC,1993,1,155.82
DV_ESC,1993,2,157.84
DV_ESC,1993,3,159.89
DV_ESC,1993,4,161.45
DV_ESC,1994,1,163.37
DV_ESC,1994,2,166.04
DV_ESC,1994,3,167.67
DV_ESC,1994,4,169
DV_ESC,1995,1,170.69
DV_ESC,1995,2,173.94
DV_ESC,1995,3,176.55
DV_ESC,1995,4,178.48
DV_ESC,1996,1,180.94
DV_ESC,1996,2,182.03
DV_ESC,1996,3,183.82
DV_ESC,1996,4,185.56
DV_ESC,1997,1,187.71
DV_ESC,1997,2,189.04
DV_ESC,1997,3,191.59
DV_ESC,1997,4,194.17
DV_ESC,1998,1,196.96
DV_ESC,1998,2,198.89
DV_ESC,1998,3,201.17
DV_ESC,1998,4,203.56
DV_ESC,1999,1,205.25
DV_ESC,1999,2,206.63
DV_ESC,1999,3,207.74
DV_ESC,1999,4,208.8
DV_ESC,2000,1,210.72
DV_ESC,2000,2,212.28
DV_ESC,2000,3,214.37
DV_ESC,2000,4,216.64
DV_ESC,2001,1,222.01
DV_ESC,2001,2,223.34
DV_ESC,2001,3,225.03
DV_ESC,2001,4,227.33
DV_ESC,2002,1,228.34
DV_ESC,2002,2,229.04
DV_ESC,2002,3,232.32
DV_ESC,2002,4,234.62
DV_ESC,2003,1,236.47
DV_ESC,2003,2,238.44
DV_ESC,2003,3,240.07
DV_ESC,2003,4,242.49
DV_ESC,2004,1,244.84
DV_ESC,2004,2,247.11
DV_ESC,2004,3,250.74
DV_ESC,2004,4,254.43
DV_ESC,2005,1,257.2
DV_ESC,2005,2,262.36
DV_ESC,2005,3,267.49
DV_ESC,2005,4,271.65
DV_ESC,2006,1,275.94
DV_ESC,2006,2,280.46
DV_ESC,2006,3,284.01
DV_ESC,2006,4,288.78
DV_ESC,2007,1,291.5
DV_ESC,2007,2,293.97
DV_ESC,2007,3,294.14
DV_ESC,2007,4,296.83
DV_ESC,2008,1,298.12
DV_ESC,2008,2,297.01
DV_ESC,2008,3,292.96
DV_ESC,2008,4,294.7
DV_ESC,2009,1,296.89
DV_ESC,2009,2,293.86
DV_ESC,2009,3,287.99
DV_ESC,2009,4,286.51
DV_ESC,2010,1,283.55
DV_ESC,2010,2,281.12
DV_ESC,2010,3,284.97
DV_ESC,2010,4,283.21
DV_ESC,2011,1,277.02
DV_ESC,2011,2,274.16
DV_ESC,2011,3,276.75
DV_ESC,2011,4,278.07
DV_ESC,2012,1,275.94
DV_ESC,2012,2,274.56
DV_ESC,2012,3,277.05
DV_ESC,2012,4,277.32
DV_ESC,2013,1,276.69
DV_ESC,2013,2,277.84
DV_ESC,2013,3,277.94
DV_ESC,2013,4,277.61
DV_ESC,2014,1,279.13
DV_ESC,2014,2,282.34
DV_ESC,2014,3,284.74
DV_ESC,2014,4,287.43
DV_ESC,2015,1,290.1
DV_ESC,2015,2,292.43
DV_ESC,2015,3,295.53
DV_ESC,2015,4,297.84
DV_ESC,2016,1,299.95
DV_ESC,2016,2,304.52
DV_ESC,2016,3,308.68
DV_ESC,2016,4,311.2
DV_ESC,2017,1,313.48
DV_ESC,2017,2,318.7
DV_ESC,2017,3,323.28
DV_ESC,2017,4,325.77
DV_ESC,2018,1,330.05
DV_ESC,2018,2,334.81
DV_ESC,2018,3,338.23
DV_ESC,2018,4,340.43
DV_ESC,2019,1,344.82
DV_ESC,2019,2,350.33
DV_ESC,2019,3,355.28
DV_ESC,2019,4,358.73
DV_ESC,2020,1,363.43
DV_ESC,2020,2,367.09
DV_ESC,2020,3,374.26
DV_ESC,2020,4,382.16
DV_ESC,2021,1,390.34
DV_ESC,2021,2,409.75
DV_ESC,2021,3,433.81
DV_ESC,2021,4,451.34
DV_MA,1975,1,71.72
DV_MA,1975,2,69.12
DV_MA,1975,3,71.72
DV_MA,1975,4,72.45
DV_MA,1976,1,70.26
DV_MA,1976,2,72.7
DV_MA,1976,3,73.7
DV_MA,1976,4,71.29
DV_MA,1977,1,73.38
DV_MA,1977,2,77.51
DV_MA,1977,3,78.09
DV_MA,1977,4,80.32
DV_MA,1978,1,80.57
DV_MA,1978,2,83.94
DV_MA,1978,3,82.97
DV_MA,1978,4,84.15
DV_MA,1979,1,92.33
DV_MA,1979,2,94.21
DV_MA,1979,3,94.6
DV_MA,1979,4,97.48
DV_MA,1980,1,100
DV_MA,1980,2,101.77
DV_MA,1980,3,106.66
DV_MA,1980,4,106.07
DV_MA,1981,1,106.54
DV_MA,1981,2,106.38
DV_MA,1981,3,109.81
DV_MA,1981,4,107.76
DV_MA,1982,1,111.99
DV_MA,1982,2,113.59
DV_MA,1982,3,112.82
DV_MA,1982,4,114.77
DV_MA,1983,1,117.11
DV_MA,1983,2,120.16
DV_MA,1983,3,124.07
DV_MA,1983,4,128.41
DV_MA,1984,1,130.36
DV_MA,1984,2,135.26
DV_MA,1984,3,139.09
DV_MA,1984,4,142.68
DV_MA,1985,1,146.69
DV_MA,1985,2,152.36
DV_MA,1985,3,157.17
DV_MA,1985,4,162.03
DV_MA,1986,1,167.41
DV_MA,1986,2,174.91
DV_MA,1986,3,182.8
DV_MA,1986,4,190.52
DV_MA,1987,1,198.3
DV_MA,1987,2,206.43
DV_MA,1987,3,215.84
DV_MA,1987,4,221
DV_MA,1988,1,225.79
DV_MA,1988,2,231.73
DV_MA,1988,3,234.85
DV_MA,1988,4,235.73
DV_MA,1989,1,236.61
DV_MA,1989,2,236.92
DV_MA,1989,3,240.15
DV_MA,1989,4,241.62
DV_MA,1990,1,241.07
DV_MA,1990,2,238.93
DV_MA,1990,3,237.86
DV_MA,1990,4,235.63
DV_MA,1991,1,235.94
DV_MA,1991,2,236.87
DV_MA,1991,3,236.31
DV_MA,1991,4,239.26
DV_MA,1992,1,241.99
DV_MA,1992,2,240.02
DV_MA,1992,3,242.37
DV_MA,1992,4,243.97
DV_MA,1993,1,241.96
DV_MA,1993,2,245.28
DV_MA,1993,3,245.43
DV_MA,1993,4,246.97
DV_MA,1994,1,245.95
DV_MA,1994,2,243.62
DV_MA,1994,3,241.86
DV_MA,1994,4,238.7
DV_MA,1995,1,237.95
DV_MA,1995,2,241.65
DV_MA,1995,3,245.76
DV_MA,1995,4,246.11
DV_MA,1996,1,249.67
DV_MA,1996,2,247.55
DV_MA,1996,3,246.39
DV_MA,1996,4,246.86
DV_MA,1997,1,247.91
DV_MA,1997,2,249.24
DV_MA,1997,3,251.65
DV_MA,1997,4,254.19
DV_MA,1998,1,259.06
DV_MA,1998,2,260.25
DV_MA,1998,3,262.04
DV_MA,1998,4,265.21
DV_MA,1999,1,267.43
DV_MA,1999,2,270.56
DV_MA,1999,3,275.62
DV_MA,1999,4,278.87
DV_MA,2000,1,283.16
DV_MA,2000,2,289.65
DV_MA,2000,3,296.12
DV_MA,2000,4,300.27
DV_MA,2001,1,307.41
DV_MA,2001,2,313.96
DV_MA,2001,3,321.04
DV_MA,2001,4,326.28
DV_MA,2002,1,333.49
DV_MA,2002,2,342.73
DV_MA,2002,3,352.11
DV_MA,2002,4,359.28
DV_MA,2003,1,365.54
DV_MA,2003,2,372.33
DV_MA,2003,3,380.06
DV_MA,2003,4,395.79
DV_MA,2004,1,403.55
DV_MA,2004,2,415.14
DV_MA,2004,3,435.97
DV_MA,2004,4,446.52
DV_MA,2005,1,457.75
DV_MA,2005,2,474.18
DV_MA,2005,3,490.32
DV_MA,2005,4,501.92
DV_MA,2006,1,511.03
DV_MA,2006,2,515.14
DV_MA,2006,3,517.83
DV_MA,2006,4,523.36
DV_MA,2007,1,526.24
DV_MA,2007,2,525.63
DV_MA,2007,3,520.28
DV_MA,2007,4,521.24
DV_MA,2008,1,522.96
DV_MA,2008,2,513.17
DV_MA,2008,3,501.24
DV_MA,2008,4,497.92
DV_MA,2009,1,501.86
DV_MA,2009,2,491.12
DV_MA,2009,3,480.16
DV_MA,2009,4,477.02
DV_MA,2010,1,474.01
DV_MA,2010,2,471.09
DV_MA,2010,3,476.6
DV_MA,2010,4,475.86
DV_MA,2011,1,467.7
DV_MA,2011,2,460.5
DV_MA,2011,3,459.6
DV_MA,2011,4,461.76
DV_MA,2012,1,457.5
DV_MA,2012,2,453.48
DV_MA,2012,3,455.53
DV_MA,2012,4,456.86
DV_MA,2013,1,457.16
DV_MA,2013,2,458.43
DV_MA,2013,3,460.17
DV_MA,2013,4,459.85
DV_MA,2014,1,460.57
DV_MA,2014,2,465.77
DV_MA,2014,3,470.78
DV_MA,2014,4,472.65
DV_MA,2015,1,477.27
DV_MA,2015,2,480.8
DV_MA,2015,3,483.49
DV_MA,2015,4,484.21
DV_MA,2016,1,486.78
DV_MA,2016,2,494.11
DV_MA,2016,3,499.82
DV_MA,2016,4,502.42
DV_MA,2017,1,502.39
DV_MA,2017,2,510.97
DV_MA,2017,3,518.86
DV_MA,2017,4,521.68
DV_MA,2018,1,526.9
DV_MA,2018,2,533.18
DV_MA,2018,3,539.61
DV_MA,2018,4,539.98
DV_MA,2019,1,544.92
DV_MA,2019,2,554.17
DV_MA,2019,3,562.04
DV_MA,2019,4,566.72
DV_MA,2020,1,572.66
DV_MA,2020,2,577.56
DV_MA,2020,3,588.15
DV_MA,2020,4,599.94
DV_MA,2021,1,614.4
DV_MA,2021,2,639.57
DV_MA,2021,3,671.61
DV_MA,2021,4,687.74
DV_MT,1975,1,56.6
DV_MT,1975,2,56.64
DV_MT,1975,3,56.09
DV_MT,1975,4,55.87
DV_MT,1976,1,57.5
DV_MT,1976,2,61.97
DV_MT,1976,3,61.68
DV_MT,1976,4,63.19
DV_MT,1977,1,66.26
DV_MT,1977,2,67.48
DV_MT,1977,3,70.54
DV_MT,1977,4,73.67
DV_MT,1978,1,77.47
DV_MT,1978,2,80.16
DV_MT,1978,3,83.7
DV_MT,1978,4,86.75
DV_MT,1979,1,91.3
DV_MT,1979,2,94.74
DV_MT,1979,3,96.81
DV_MT,1979,4,99.3
DV_MT,1980,1,100
DV_MT,1980,2,99.53
DV_MT,1980,3,105.34
DV_MT,1980,4,105.41
DV_MT,1981,1,106.14
DV_MT,1981,2,109.55
DV_MT,1981,3,113.51
DV_MT,1981,4,111.91
DV_MT,1982,1,110.19
DV_MT,1982,2,115.22
DV_MT,1982,3,114.23
DV_MT,1982,4,118.68
DV_MT,1983,1,120.47
DV_MT,1983,2,119.58
DV_MT,1983,3,119.11
DV_MT,1983,4,117.82
DV_MT,1984,1,121.02
DV_MT,1984,2,121.17
DV_MT,1984,3,121.74
DV_MT,1984,4,120.99
DV_MT,1985,1,122.77
DV_MT,1985,2,122.66
DV_MT,1985,3,124.15
DV_MT,1985,4,123.78
DV_MT,1986,1,126.83
DV_MT,1986,2,127.92
DV_MT,1986,3,127.67
DV_MT,1986,4,126.78
DV_MT,1987,1,128.78
DV_MT,1987,2,127.46
DV_MT,1987,3,125.09
DV_MT,1987,4,123.3
DV_MT,1988,1,124.69
DV_MT,1988,2,124.97
DV_MT,1988,3,124.51
DV_MT,1988,4,124.36
DV_MT,1989,1,124.23
DV_MT,1989,2,125.11
DV_MT,1989,3,127.35
DV_MT,1989,4,127.55
DV_MT,1990,1,127.95
DV_MT,1990,2,128.92
DV_MT,1990,3,130.89
DV_MT,1990,4,130.63
DV_MT,1991,1,132.49
DV_MT,1991,2,134.18
DV_MT,1991,3,134.95
DV_MT,1991,4,138
DV_MT,1992,1,139.69
DV_MT,1992,2,141.07
DV_MT,1992,3,143.28
DV_MT,1992,4,145.69
DV_MT,1993,1,147.26
DV_MT,1993,2,150.49
DV_MT,1993,3,153.57
DV_MT,1993,4,156.79
DV_MT,1994,1,160.13
DV_MT,1994,2,165.29
DV_MT,1994,3,168.56
DV_MT,1994,4,170.2
DV_MT,1995,1,172.59
DV_MT,1995,2,176.34
DV_MT,1995,3,179.94
DV_MT,1995,4,182.28
DV_MT,1996,1,184.8
DV_MT,1996,2,185.68
DV_MT,1996,3,187.22
DV_MT,1996,4,189.13
DV_MT,1997,1,191.01
DV_MT,1997,2,192.3
DV_MT,1997,3,195.19
DV_MT,1997,4,197.99
DV_MT,1998,1,200.39
DV_MT,1998,2,201.7
DV_MT,1998,3,204.03
DV_MT,1998,4,206.15
DV_MT,1999,1,208.06
DV_MT,1999,2,210.53
DV_MT,1999,3,212.92
DV_MT,1999,4,214.54
DV_MT,2000,1,218.73
DV_MT,2000,2,221.2
DV_MT,2000,3,224.45
DV_MT,2000,4,227.93
DV_MT,2001,1,233.3
DV_MT,2001,2,236.48
DV_MT,2001,3,239.41
DV_MT,2001,4,241.69
DV_MT,2002,1,244.22
DV_MT,2002,2,246.77
DV_MT,2002,3,250.75
DV_MT,2002,4,253.01
DV_MT,2003,1,255.29
DV_MT,2003,2,257.86
DV_MT,2003,3,260.99
DV_MT,2003,4,267.18
DV_MT,2004,1,271.69
DV_MT,2004,2,279.54
DV_MT,2004,3,291.53
DV_MT,2004,4,299.08
DV_MT,2005,1,308.68
DV_MT,2005,2,325.04
DV_MT,2005,3,340.29
DV_MT,2005,4,353.49
DV_MT,2006,1,362.39
DV_MT,2006,2,370.04
DV_MT,2006,3,375.76
DV_MT,2006,4,381.22
DV_MT,2007,1,383.61
DV_MT,2007,2,383.94
DV_MT,2007,3,380.47
DV_MT,2007,4,378.37
DV_MT,2008,1,373.2
DV_MT,2008,2,361.17
DV_MT,2008,3,344.5
DV_MT,2008,4,339.12
DV_MT,2009,1,340.14
DV_MT,2009,2,325.58
DV_MT,2009,3,312.47
DV_MT,2009,4,307.24
DV_MT,2010,1,300.78
DV_MT,2010,2,294.2
DV_MT,2010,3,295.67
DV_MT,2010,4,291.26
DV_MT,2011,1,279.04
DV_MT,2011,2,269.69
DV_MT,2011,3,271.99
DV_MT,2011,4,275.12
DV_MT,2012,1,273.51
DV_MT,2012,2,273.91
DV_MT,2012,3,280.53
DV_MT,2012,4,285.6
DV_MT,2013,1,290.29
DV_MT,2013,2,298.88
DV_MT,2013,3,307.02
DV_MT,2013,4,312.3
DV_MT,2014,1,316.66
DV_MT,2014,2,323.47
DV_MT,2014,3,328.96
DV_MT,2014,4,332.96
DV_MT,2015,1,337.27
DV_MT,2015,2,345.42
DV_MT,2015,3,353.46
DV_MT,2015,4,357.94
DV_MT,2016,1,362.48
DV_MT,2016,2,370.87
DV_MT,2016,3,378.82
DV_MT,2016,4,383.6
DV_MT,2017,1,388.88
DV_MT,2017,2,399.69
DV_MT,2017,3,408.17
DV_MT,2017,4,413.36
DV_MT,2018,1,422.67
DV_MT,2018,2,433.92
DV_MT,2018,3,442.64
DV_MT,2018,4,447.12
DV_MT,2019,1,452.53
DV_MT,2019,2,461.64
DV_MT,2019,3,468
DV_MT,2019,4,474.1
DV_MT,2020,1,481.27
DV_MT,2020,2,488.09
DV_MT,2020,3,498.85
DV_MT,2020,4,513.6
DV_MT,2021,1,532.27
DV_MT,2021,2,572.25
DV_MT,2021,3,614.02
DV_MT,2021,4,637.98
DV_NE,1975,1,61.67
DV_NE,1975,2,62.85
DV_NE,1975,3,61.57
DV_NE,1975,4,62.93
DV_NE,1976,1,65.74
DV_NE,1976,2,65.67
DV_NE,1976,3,68.97
DV_NE,1976,4,69.11
DV_NE,1977,1,71.05
DV_NE,1977,2,70.88
DV_NE,1977,3,73.16
DV_NE,1977,4,74.79
DV_NE,1978,1,77.52
DV_NE,1978,2,81
DV_NE,1978,3,86.27
DV_NE,1978,4,88.03
DV_NE,1979,1,93.32
DV_NE,1979,2,95.1
DV_NE,1979,3,97.45
DV_NE,1979,4,100.32
DV_NE,1980,1,100
DV_NE,1980,2,102.61
DV_NE,1980,3,106.05
DV_NE,1980,4,105.76
DV_NE,1981,1,108.4
DV_NE,1981,2,112.87
DV_NE,1981,3,113.99
DV_NE,1981,4,112.67
DV_NE,1982,1,117.9
DV_NE,1982,2,119.02
DV_NE,1982,3,118.63
DV_NE,1982,4,120.86
DV_NE,1983,1,124.03
DV_NE,1983,2,127.78
DV_NE,1983,3,132.91
DV_NE,1983,4,137.38
DV_NE,1984,1,142.18
DV_NE,1984,2,147.91
DV_NE,1984,3,154.95
DV_NE,1984,4,157.95
DV_NE,1985,1,164.9
DV_NE,1985,2,174.67
DV_NE,1985,3,182.68
DV_NE,1985,4,193.39
DV_NE,1986,1,200.26
DV_NE,1986,2,210.12
DV_NE,1986,3,221.79
DV_NE,1986,4,234.18
DV_NE,1987,1,244.11
DV_NE,1987,2,253.6
DV_NE,1987,3,263.61
DV_NE,1987,4,269.52
DV_NE,1988,1,274.14
DV_NE,1988,2,278.6
DV_NE,1988,3,279.42
DV_NE,1988,4,280.86
DV_NE,1989,1,279.35
DV_NE,1989,2,279.06
DV_NE,1989,3,282.59
DV_NE,1989,4,283.09
DV_NE,1990,1,279.23
DV_NE,1990,2,271.84
DV_NE,1990,3,267.98
DV_NE,1990,4,262.76
DV_NE,1991,1,260.14
DV_NE,1991,2,257.85
DV_NE,1991,3,254.61
DV_NE,1991,4,256.87
DV_NE,1992,1,256.93
DV_NE,1992,2,252.99
DV_NE,1992,3,253.93
DV_NE,1992,4,254.45
DV_NE,1993,1,251.96
DV_NE,1993,2,253.56
DV_NE,1993,3,253.69
DV_NE,1993,4,255.1
DV_NE,1994,1,254.63
DV_NE,1994,2,250.33
DV_NE,1994,3,248.57
DV_NE,1994,4,246.16
DV_NE,1995,1,246.86
DV_NE,1995,2,250.81
DV_NE,1995,3,255.39
DV_NE,1995,4,256.65
DV_NE,1996,1,260.04
DV_NE,1996,2,258.31
DV_NE,1996,3,257.77
DV_NE,1996,4,260.31
DV_NE,1997,1,261.99
DV_NE,1997,2,264.21
DV_NE,1997,3,267.89
DV_NE,1997,4,271.3
DV_NE,1998,1,275.78
DV_NE,1998,2,278.86
DV_NE,1998,3,283.85
DV_NE,1998,4,287.89
DV_NE,1999,1,292.3
DV_NE,1999,2,299
DV_NE,1999,3,307.95
DV_NE,1999,4,313.34
DV_NE,2000,1,323.26
DV_NE,2000,2,332.82
DV_NE,2000,3,342.8
DV_NE,2000,4,349.92
DV_NE,2001,1,358.69
DV_NE,2001,2,368.31
DV_NE,2001,3,379.66
DV_NE,2001,4,386.64
DV_NE,2002,1,396.81
DV_NE,2002,2,410.34
DV_NE,2002,3,422.16
DV_NE,2002,4,431.23
DV_NE,2003,1,438.87
DV_NE,2003,2,446.11
DV_NE,2003,3,456.86
DV_NE,2003,4,476.2
DV_NE,2004,1,484.69
DV_NE,2004,2,498.53
DV_NE,2004,3,523.83
DV_NE,2004,4,533.78
DV_NE,2005,1,546.82
DV_NE,2005,2,561.98
DV_NE,2005,3,574.54
DV_NE,2005,4,582.12
DV_NE,2006,1,586.08
DV_NE,2006,2,583.94
DV_NE,2006,3,582.59
DV_NE,2006,4,586.09
DV_NE,2007,1,585.81
DV_NE,2007,2,579.7
DV_NE,2007,3,571.94
DV_NE,2007,4,572.34
DV_NE,2008,1,571.42
DV_NE,2008,2,556.26
DV_NE,2008,3,540.97
DV_NE,2008,4,538.98
DV_NE,2009,1,541.23
DV_NE,2009,2,526.36
DV_NE,2009,3,515.15
DV_NE,2009,4,513.79
DV_NE,2010,1,509.59
DV_NE,2010,2,505.87
DV_NE,2010,3,510.41
DV_NE,2010,4,510.41
DV_NE,2011,1,500.94
DV_NE,2011,2,492.96
DV_NE,2011,3,495.32
DV_NE,2011,4,497.74
DV_NE,2012,1,492.43
DV_NE,2012,2,488.82
DV_NE,2012,3,491.11
DV_NE,2012,4,492.93
DV_NE,2013,1,493.17
DV_NE,2013,2,494.53
DV_NE,2013,3,496.97
DV_NE,2013,4,496.49
DV_NE,2014,1,498.1
DV_NE,2014,2,505.41
DV_NE,2014,3,511.16
DV_NE,2014,4,512.57
DV_NE,2015,1,517.86
DV_NE,2015,2,523.06
DV_NE,2015,3,526.86
DV_NE,2015,4,528.65
DV_NE,2016,1,532.12
DV_NE,2016,2,538.3
DV_NE,2016,3,546.83
DV_NE,2016,4,550.37
DV_NE,2017,1,550.98
DV_NE,2017,2,561.59
DV_NE,2017,3,568.93
DV_NE,2017,4,573.08
DV_NE,2018,1,577.73
DV_NE,2018,2,586.75
DV_NE,2018,3,593.41
DV_NE,2018,4,593.76
DV_NE,2019,1,599.22
DV_NE,2019,2,609.84
DV_NE,2019,3,617.24
DV_NE,2019,4,622.82
DV_NE,2020,1,628.52
DV_NE,2020,2,635.72
DV_NE,2020,3,648.62
DV_NE,2020,4,665.6
DV_NE,2021,1,682.3
DV_NE,2021,2,719.66
DV_NE,2021,3,761.16
DV_NE,2021,4,779.78
DV_PAC,1975,1,43.65
DV_PAC,1975,2,44.49
DV_PAC,1975,3,46.26
DV_PAC,1975,4,47.12
DV_PAC,1976,1,49.26
DV_PAC,1976,2,51.61
DV_PAC,1976,3,54.75
DV_PAC,1976,4,56.76
DV_PAC,1977,1,59.19
DV_PAC,1977,2,63.55
DV_PAC,1977,3,68.31
DV_PAC,1977,4,71.23
DV_PAC,1978,1,73.85
DV_PAC,1978,2,77.15
DV_PAC,1978,3,80.07
DV_PAC,1978,4,83.35
DV_PAC,1979,1,86.23
DV_PAC,1979,2,90.05
DV_PAC,1979,3,93.96
DV_PAC,1979,4,96.92
DV_PAC,1980,1,100
DV_PAC,1980,2,101.83
DV_PAC,1980,3,105.51
DV_PAC,1980,4,106.68
DV_PAC,1981,1,107.2
DV_PAC,1981,2,109.96
DV_PAC,1981,3,112
DV_PAC,1981,4,110.82
DV_PAC,1982,1,103.3
DV_PAC,1982,2,106.13
DV_PAC,1982,3,104.73
DV_PAC,1982,4,114.54
DV_PAC,1983,1,115.45
DV_PAC,1983,2,116.25
DV_PAC,1983,3,116.09
DV_PAC,1983,4,116.41
DV_PAC,1984,1,118.07
DV_PAC,1984,2,118.62
DV_PAC,1984,3,119.83
DV_PAC,1984,4,121.07
DV_PAC,1985,1,122.29
DV_PAC,1985,2,123.59
DV_PAC,1985,3,125.7
DV_PAC,1985,4,126.79
DV_PAC,1986,1,128.35
DV_PAC,1986,2,130.38
DV_PAC,1986,3,132.59
DV_PAC,1986,4,134.95
DV_PAC,1987,1,137.98
DV_PAC,1987,2,140.58
DV_PAC,1987,3,143.74
DV_PAC,1987,4,146.6
DV_PAC,1988,1,151.68
DV_PAC,1988,2,156.7
DV_PAC,1988,3,163.38
DV_PAC,1988,4,170.57
DV_PAC,1989,1,177.78
DV_PAC,1989,2,185.24
DV_PAC,1989,3,195.08
DV_PAC,1989,4,201.82
DV_PAC,1990,1,206.71
DV_PAC,1990,2,210.62
DV_PAC,1990,3,213.64
DV_PAC,1990,4,213.32
DV_PAC,1991,1,214.6
DV_PAC,1991,2,214.51
DV_PAC,1991,3,215.07
DV_PAC,1991,4,217.37
DV_PAC,1992,1,217.15
DV_PAC,1992,2,216.1
DV_PAC,1992,3,216.77
DV_PAC,1992,4,216.05
DV_PAC,1993,1,214.05
DV_PAC,1993,2,213.51
DV_PAC,1993,3,213.15
DV_PAC,1993,4,213.06
DV_PAC,1994,1,212.5
DV_PAC,1994,2,210.1
DV_PAC,1994,3,208.63
DV_PAC,1994,4,206.61
DV_PAC,1995,1,206.39
DV_PAC,1995,2,208.75
DV_PAC,1995,3,211.47
DV_PAC,1995,4,211.83
DV_PAC,1996,1,212.43
DV_PAC,1996,2,210.77
DV_PAC,1996,3,210.82
DV_PAC,1996,4,212.17
DV_PAC,1997,1,213.36
DV_PAC,1997,2,215.44
DV_PAC,1997,3,219.61
DV_PAC,1997,4,223.07
DV_PAC,1998,1,227.56
DV_PAC,1998,2,231.78
DV_PAC,1998,3,237.08
DV_PAC,1998,4,240.94
DV_PAC,1999,1,243.98
DV_PAC,1999,2,247.77
DV_PAC,1999,3,252.22
DV_PAC,1999,4,256.42
DV_PAC,2000,1,265.44
DV_PAC,2000,2,271.15
DV_PAC,2000,3,278.53
DV_PAC,2000,4,285.64
DV_PAC,2001,1,295.59
DV_PAC,2001,2,303.1
DV_PAC,2001,3,308.55
DV_PAC,2001,4,312.32
DV_PAC,2002,1,319.41
DV_PAC,2002,2,328.23
DV_PAC,2002,3,338.43
DV_PAC,2002,4,346.25
DV_PAC,2003,1,353
DV_PAC,2003,2,358.77
DV_PAC,2003,3,368.96
DV_PAC,2003,4,388.79
DV_PAC,2004,1,399.56
DV_PAC,2004,2,421.02
DV_PAC,2004,3,457.26
DV_PAC,2004,4,472.86
DV_PAC,2005,1,491.98
DV_PAC,2005,2,520.01
DV_PAC,2005,3,545.82
DV_PAC,2005,4,569.91
DV_PAC,2006,1,584.05
DV_PAC,2006,2,593.59
DV_PAC,2006,3,599.61
DV_PAC,2006,4,600.23
DV_PAC,2007,1,597.13
DV_PAC,2007,2,591.87
DV_PAC,2007,3,576.1
DV_PAC,2007,4,560.16
DV_PAC,2008,1,537.35
DV_PAC,2008,2,503.21
DV_PAC,2008,3,471.9
DV_PAC,2008,4,458.85
DV_PAC,2009,1,455.05
DV_PAC,2009,2,435.12
DV_PAC,2009,3,424.26
DV_PAC,2009,4,423.48
DV_PAC,2010,1,419.27
DV_PAC,2010,2,417.04
DV_PAC,2010,3,418.74
DV_PAC,2010,4,413.73
DV_PAC,2011,1,399.29
DV_PAC,2011,2,392.06
DV_PAC,2011,3,393.82
DV_PAC,2011,4,393.45
DV_PAC,2012,1,388.68
DV_PAC,2012,2,388.15
DV_PAC,2012,3,396.69
DV_PAC,2012,4,404.13
DV_PAC,2013,1,411.03
DV_PAC,2013,2,426.84
DV_PAC,2013,3,444.53
DV_PAC,2013,4,456.41
DV_PAC,2014,1,464.55
DV_PAC,2014,2,477.12
DV_PAC,2014,3,486.93
DV_PAC,2014,4,492.2
DV_PAC,2015,1,497.96
DV_PAC,2015,2,510
DV_PAC,2015,3,523.26
DV_PAC,2015,4,530.74
DV_PAC,2016,1,538.76
DV_PAC,2016,2,550.62
DV_PAC,2016,3,563.65
DV_PAC,2016,4,570.63
DV_PAC,2017,1,577.2
DV_PAC,2017,2,591.28
DV_PAC,2017,3,603.67
DV_PAC,2017,4,611.66
DV_PAC,2018,1,622.28
DV_PAC,2018,2,635.93
DV_PAC,2018,3,643.55
DV_PAC,2018,4,643.95
DV_PAC,2019,1,649.22
DV_PAC,2019,2,657.25
DV_PAC,2019,3,664.42
DV_PAC,2019,4,669.39
DV_PAC,2020,1,676.35
DV_PAC,2020,2,684.65
DV_PAC,2020,3,693.94
DV_PAC,2020,4,709.15
DV_PAC,2021,1,728.84
DV_PAC,2021,2,773.98
DV_PAC,2021,3,815.15
DV_PAC,2021,4,845.94
DV_SA,1975,1,65.16
DV_SA,1975,2,70.1
DV_SA,1975,3,68.26
DV_SA,1975,4,68.52
DV_SA,1976,1,67.94
DV_SA,1976,2,71.53
DV_SA,1976,3,71.34
DV_SA,1976,4,71.53
DV_SA,1977,1,72.92
DV_SA,1977,2,76.52
DV_SA,1977,3,76.01
DV_SA,1977,4,78.73
DV_SA,1978,1,81.36
DV_SA,1978,2,83.15
DV_SA,1978,3,85.2
DV_SA,1978,4,86.73
DV_SA,1979,1,89.47
DV_SA,1979,2,92.1
DV_SA,1979,3,94.37
DV_SA,1979,4,96.95
DV_SA,1980,1,100
DV_SA,1980,2,100.97
DV_SA,1980,3,104.31
DV_SA,1980,4,106.27
DV_SA,1981,1,108.14
DV_SA,1981,2,108.87
DV_SA,1981,3,109.1
DV_SA,1981,4,109.13
DV_SA,1982,1,107.35
DV_SA,1982,2,115.01
DV_SA,1982,3,109.01
DV_SA,1982,4,114.47
DV_SA,1983,1,118.96
DV_SA,1983,2,119.39
DV_SA,1983,3,121.04
DV_SA,1983,4,121.15
DV_SA,1984,1,123.98
DV_SA,1984,2,125.65
DV_SA,1984,3,125.84
DV_SA,1984,4,126.57
DV_SA,1985,1,129.19
DV_SA,1985,2,130.13
DV_SA,1985,3,131.97
DV_SA,1985,4,133.04
DV_SA,1986,1,135.48
DV_SA,1986,2,138.14
DV_SA,1986,3,140.01
DV_SA,1986,4,141.88
DV_SA,1987,1,143.96
DV_SA,1987,2,146.39
DV_SA,1987,3,148.59
DV_SA,1987,4,150.13
DV_SA,1988,1,152.38
DV_SA,1988,2,155.75
DV_SA,1988,3,157.47
DV_SA,1988,4,158.78
DV_SA,1989,1,160.54
DV_SA,1989,2,162.2
DV_SA,1989,3,164.74
DV_SA,1989,4,165.8
DV_SA,1990,1,166.46
DV_SA,1990,2,166.33
DV_SA,1990,3,167.39
DV_SA,1990,4,166.46
DV_SA,1991,1,167.93
DV_SA,1991,2,169.01
DV_SA,1991,3,168.7
DV_SA,1991,4,171.47
DV_SA,1992,1,172.72
DV_SA,1992,2,172.22
DV_SA,1992,3,174.72
DV_SA,1992,4,175.24
DV_SA,1993,1,175.4
DV_SA,1993,2,176.98
DV_SA,1993,3,178.37
DV_SA,1993,4,179.64
DV_SA,1994,1,180.26
DV_SA,1994,2,180.56
DV_SA,1994,3,181.15
DV_SA,1994,4,181.44
DV_SA,1995,1,182.22
DV_SA,1995,2,184.85
DV_SA,1995,3,187.69
DV_SA,1995,4,189.36
DV_SA,1996,1,191.56
DV_SA,1996,2,191.48
DV_SA,1996,3,192.24
DV_SA,1996,4,193.74
DV_SA,1997,1,195.57
DV_SA,1997,2,196.68
DV_SA,1997,3,199.18
DV_SA,1997,4,202
DV_SA,1998,1,205.14
DV_SA,1998,2,205.92
DV_SA,1998,3,208.55
DV_SA,1998,4,211.11
DV_SA,1999,1,213.15
DV_SA,1999,2,215.25
DV_SA,1999,3,217.8
DV_SA,1999,4,219.88
DV_SA,2000,1,223.21
DV_SA,2000,2,226.68
DV_SA,2000,3,230.49
DV_SA,2000,4,234.21
DV_SA,2001,1,240.35
DV_SA,2001,2,244.57
DV_SA,2001,3,248.68
DV_SA,2001,4,252.61
DV_SA,2002,1,256.19
DV_SA,2002,2,261.08
DV_SA,2002,3,266.76
DV_SA,2002,4,270.77
DV_SA,2003,1,274.45
DV_SA,2003,2,278.59
DV_SA,2003,3,283.14
DV_SA,2003,4,291.47
DV_SA,2004,1,297.69
DV_SA,2004,2,305.99
DV_SA,2004,3,318.5
DV_SA,2004,4,327.97
DV_SA,2005,1,338.77
DV_SA,2005,2,353.38
DV_SA,2005,3,368.46
DV_SA,2005,4,380.07
DV_SA,2006,1,389.19
DV_SA,2006,2,395.14
DV_SA,2006,3,399.22
DV_SA,2006,4,404.87
DV_SA,2007,1,406.44
DV_SA,2007,2,406.17
DV_SA,2007,3,400.37
DV_SA,2007,4,398.56
DV_SA,2008,1,393.8
DV_SA,2008,2,381.54
DV_SA,2008,3,365.99
DV_SA,2008,4,359.08
DV_SA,2009,1,363.49
DV_SA,2009,2,351.81
DV_SA,2009,3,338.81
DV_SA,2009,4,333.47
DV_SA,2010,1,328.27
DV_SA,2010,2,322.73
DV_SA,2010,3,326.04
DV_SA,2010,4,322.52
DV_SA,2011,1,311.71
DV_SA,2011,2,303.54
DV_SA,2011,3,306.16
DV_SA,2011,4,307.85
DV_SA,2012,1,302.52
DV_SA,2012,2,299.67
DV_SA,2012,3,304.16
DV_SA,2012,4,306.58
DV_SA,2013,1,307.73
DV_SA,2013,2,313.11
DV_SA,2013,3,316.85
DV_SA,2013,4,319.96
DV_SA,2014,1,322.88
DV_SA,2014,2,329.16
DV_SA,2014,3,333.97
DV_SA,2014,4,337.28
DV_SA,2015,1,342.37
DV_SA,2015,2,348.22
DV_SA,2015,3,352.57
DV_SA,2015,4,356.5
DV_SA,2016,1,360.3
DV_SA,2016,2,367.58
DV_SA,2016,3,374.77
DV_SA,2016,4,378.1
DV_SA,2017,1,381
DV_SA,2017,2,389.89
DV_SA,2017,3,395.21
DV_SA,2017,4,399.42
DV_SA,2018,1,406.36
DV_SA,2018,2,413.57
DV_SA,2018,3,418.57
DV_SA,2018,4,420.59
DV_SA,2019,1,426.37
DV_SA,2019,2,433.57
DV_SA,2019,3,439.35
DV_SA,2019,4,443.96
DV_SA,2020,1,449.92
DV_SA,2020,2,454.78
DV_SA,2020,3,462.79
DV_SA,2020,4,473.18
DV_SA,2021,1,485.54
DV_SA,2021,2,512.43
DV_SA,2021,3,544.15
DV_SA,2021,4,567.78
DV_WNC,1975,1,60.75
DV_WNC,1975,2,63.49
DV_WNC,1975,3,62.18
DV_WNC,1975,4,63.46
DV_WNC,1976,1,65.52
DV_WNC,1976,2,69.07
DV_WNC,1976,3,68.12
DV_WNC,1976,4,68.4
DV_WNC,1977,1,70.98
DV_WNC,1977,2,75.75
DV_WNC,1977,3,76.89
DV_WNC,1977,4,79.18
DV_WNC,1978,1,81.06
DV_WNC,1978,2,87.16
DV_WNC,1978,3,88.33
DV_WNC,1978,4,89.95
DV_WNC,1979,1,93.83
DV_WNC,1979,2,97.41
DV_WNC,1979,3,98.66
DV_WNC,1979,4,99.36
DV_WNC,1980,1,100
DV_WNC,1980,2,104.96
DV_WNC,1980,3,103.73
DV_WNC,1980,4,103.17
DV_WNC,1981,1,100.07
DV_WNC,1981,2,100.77
DV_WNC,1981,3,100.95
DV_WNC,1981,4,103.68
DV_WNC,1982,1,98.2
DV_WNC,1982,2,100.56
DV_WNC,1982,3,100.59
DV_WNC,1982,4,105.69
DV_WNC,1983,1,107.18
DV_WNC,1983,2,110.1
DV_WNC,1983,3,109.55
DV_WNC,1983,4,110.16
DV_WNC,1984,1,112.22
DV_WNC,1984,2,113.17
DV_WNC,1984,3,114.71
DV_WNC,1984,4,114.38
DV_WNC,1985,1,115.4
DV_WNC,1985,2,116.8
DV_WNC,1985,3,117.46
DV_WNC,1985,4,118.57
DV_WNC,1986,1,120.19
DV_WNC,1986,2,120.74
DV_WNC,1986,3,122.33
DV_WNC,1986,4,123.06
DV_WNC,1987,1,124.96
DV_WNC,1987,2,126.32
DV_WNC,1987,3,126.81
DV_WNC,1987,4,126.09
DV_WNC,1988,1,126.92
DV_WNC,1988,2,128.56
DV_WNC,1988,3,129.3
DV_WNC,1988,4,129.3
DV_WNC,1989,1,130.12
DV_WNC,1989,2,131.44
DV_WNC,1989,3,132.92
DV_WNC,1989,4,133.56
DV_WNC,1990,1,133.98
DV_WNC,1990,2,134.55
DV_WNC,1990,3,135.34
DV_WNC,1990,4,135.04
DV_WNC,1991,1,136.63
DV_WNC,1991,2,137.8
DV_WNC,1991,3,138.32
DV_WNC,1991,4,140.14
DV_WNC,1992,1,141.13
DV_WNC,1992,2,142.07
DV_WNC,1992,3,143.71
DV_WNC,1992,4,144.67
DV_WNC,1993,1,145.56
DV_WNC,1993,2,147.08
DV_WNC,1993,3,149.02
DV_WNC,1993,4,150.57
DV_WNC,1994,1,152.45
DV_WNC,1994,2,155.9
DV_WNC,1994,3,158.11
DV_WNC,1994,4,158.64
DV_WNC,1995,1,160.34
DV_WNC,1995,2,163.16
DV_WNC,1995,3,165.45
DV_WNC,1995,4,167.22
DV_WNC,1996,1,169.07
DV_WNC,1996,2,170.97
DV_WNC,1996,3,172.67
DV_WNC,1996,4,174.16
DV_WNC,1997,1,175.77
DV_WNC,1997,2,177.82
DV_WNC,1997,3,180.36
DV_WNC,1997,4,182.46
DV_WNC,1998,1,184.71
DV_WNC,1998,2,186.38
DV_WNC,1998,3,189.12
DV_WNC,1998,4,191.03
DV_WNC,1999,1,193.34
DV_WNC,1999,2,197.07
DV_WNC,1999,3,199.87
DV_WNC,1999,4,201.6
DV_WNC,2000,1,205.27
DV_WNC,2000,2,208.61
DV_WNC,2000,3,212.12
DV_WNC,2000,4,214.63
DV_WNC,2001,1,219.01
DV_WNC,2001,2,222.56
DV_WNC,2001,3,226.05
DV_WNC,2001,4,228.44
DV_WNC,2002,1,231.81
DV_WNC,2002,2,235.05
DV_WNC,2002,3,238.44
DV_WNC,2002,4,241.05
DV_WNC,2003,1,243.25
DV_WNC,2003,2,245.27
DV_WNC,2003,3,248.83
DV_WNC,2003,4,254.6
DV_WNC,2004,1,257.11
DV_WNC,2004,2,260.79
DV_WNC,2004,3,266.63
DV_WNC,2004,4,270.1
DV_WNC,2005,1,273.96
DV_WNC,2005,2,278.47
DV_WNC,2005,3,283.07
DV_WNC,2005,4,285.55
DV_WNC,2006,1,286.93
DV_WNC,2006,2,288.01
DV_WNC,2006,3,289.87
DV_WNC,2006,4,292.48
DV_WNC,2007,1,294.1
DV_WNC,2007,2,294.69
DV_WNC,2007,3,292.57
DV_WNC,2007,4,293.02
DV_WNC,2008,1,294.46
DV_WNC,2008,2,290.39
DV_WNC,2008,3,285.72
DV_WNC,2008,4,286.25
DV_WNC,2009,1,289.47
DV_WNC,2009,2,285.27
DV_WNC,2009,3,279.5
DV_WNC,2009,4,278.02
DV_WNC,2010,1,275.42
DV_WNC,2010,2,274.49
DV_WNC,2010,3,278.19
DV_WNC,2010,4,276.7
DV_WNC,2011,1,270.5
DV_WNC,2011,2,266.86
DV_WNC,2011,3,270.09
DV_WNC,2011,4,271.95
DV_WNC,2012,1,269.74
DV_WNC,2012,2,268.68
DV_WNC,2012,3,271.62
DV_WNC,2012,4,273.17
DV_WNC,2013,1,273.71
DV_WNC,2013,2,275.84
DV_WNC,2013,3,278.61
DV_WNC,2013,4,278.76
DV_WNC,2014,1,279.5
DV_WNC,2014,2,284.73
DV_WNC,2014,3,287.74
DV_WNC,2014,4,289.36
DV_WNC,2015,1,291.12
DV_WNC,2015,2,295.06
DV_WNC,2015,3,298.74
DV_WNC,2015,4,300.4
DV_WNC,2016,1,302.29
DV_WNC,2016,2,307.21
DV_WNC,2016,3,312.01
DV_WNC,2016,4,313.55
DV_WNC,2017,1,315.48
DV_WNC,2017,2,322.62
DV_WNC,2017,3,326.53
DV_WNC,2017,4,328.09
DV_WNC,2018,1,332.16
DV_WNC,2018,2,338.26
DV_WNC,2018,3,341.46
DV_WNC,2018,4,342.96
DV_WNC,2019,1,346.06
DV_WNC,2019,2,352.12
DV_WNC,2019,3,356.09
DV_WNC,2019,4,359.05
DV_WNC,2020,1,362.71
DV_WNC,2020,2,365.32
DV_WNC,2020,3,371.63
DV_WNC,2020,4,378.65
DV_WNC,2021,1,384.5
DV_WNC,2021,2,406.11
DV_WNC,2021,3,424.61
DV_WNC,2021,4,433.84
DV_WSC,1975,1,55.12
DV_WSC,1975,2,57.05
DV_WSC,1975,3,55.67
DV_WSC,1975,4,58.12
DV_WSC,1976,1,58.73
DV_WSC,1976,2,62.68
DV_WSC,1976,3,62.45
DV_WSC,1976,4,63.5
DV_WSC,1977,1,65.73
DV_WSC,1977,2,69.52
DV_WSC,1977,3,68.82
DV_WSC,1977,4,72.76
DV_WSC,1978,1,75.73
DV_WSC,1978,2,78.28
DV_WSC,1978,3,81.25
DV_WSC,1978,4,84.88
DV_WSC,1979,1,89.35
DV_WSC,1979,2,92.57
DV_WSC,1979,3,95.53
DV_WSC,1979,4,97.39
DV_WSC,1980,1,100
DV_WSC,1980,2,102.47
DV_WSC,1980,3,103.81
DV_WSC,1980,4,105.06
DV_WSC,1981,1,105.26
DV_WSC,1981,2,109.65
DV_WSC,1981,3,113.11
DV_WSC,1981,4,111.76
DV_WSC,1982,1,117.68
DV_WSC,1982,2,117.28
DV_WSC,1982,3,117.53
DV_WSC,1982,4,119.32
DV_WSC,1983,1,122.87
DV_WSC,1983,2,123.8
DV_WSC,1983,3,123.82
DV_WSC,1983,4,124.18
DV_WSC,1984,1,123.23
DV_WSC,1984,2,123.83
DV_WSC,1984,3,124.78
DV_WSC,1984,4,124.32
DV_WSC,1985,1,122.87
DV_WSC,1985,2,123.38
DV_WSC,1985,3,123.82
DV_WSC,1985,4,122.25
DV_WSC,1986,1,124.91
DV_WSC,1986,2,126.7
DV_WSC,1986,3,123.84
DV_WSC,1986,4,122.23
DV_WSC,1987,1,122.51
DV_WSC,1987,2,119.9
DV_WSC,1987,3,115.03
DV_WSC,1987,4,112.17
DV_WSC,1988,1,111.61
DV_WSC,1988,2,113.07
DV_WSC,1988,3,110.93
DV_WSC,1988,4,110.21
DV_WSC,1989,1,110.66
DV_WSC,1989,2,111.46
DV_WSC,1989,3,113.44
DV_WSC,1989,4,113.04
DV_WSC,1990,1,112.83
DV_WSC,1990,2,113.68
DV_WSC,1990,3,114.31
DV_WSC,1990,4,113.78
DV_WSC,1991,1,114.92
DV_WSC,1991,2,116.29
DV_WSC,1991,3,116.68
DV_WSC,1991,4,118.29
DV_WSC,1992,1,119.88
DV_WSC,1992,2,119.73
DV_WSC,1992,3,121.66
DV_WSC,1992,4,122.28
DV_WSC,1993,1,122.81
DV_WSC,1993,2,124.32
DV_WSC,1993,3,125.98
DV_WSC,1993,4,127.39
DV_WSC,1994,1,128.43
DV_WSC,1994,2,129.4
DV_WSC,1994,3,129.83
DV_WSC,1994,4,129.52
DV_WSC,1995,1,129.88
DV_WSC,1995,2,132.32
DV_WSC,1995,3,134.08
DV_WSC,1995,4,134.94
DV_WSC,1996,1,136.51
DV_WSC,1996,2,136.74
DV_WSC,1996,3,137.17
DV_WSC,1996,4,138.02
DV_WSC,1997,1,138.87
DV_WSC,1997,2,139.86
DV_WSC,1997,3,141.28
DV_WSC,1997,4,143.12
DV_WSC,1998,1,145.24
DV_WSC,1998,2,146.23
DV_WSC,1998,3,148.49
DV_WSC,1998,4,150.2
DV_WSC,1999,1,151.41
DV_WSC,1999,2,153.68
DV_WSC,1999,3,155.79
DV_WSC,1999,4,157.04
DV_WSC,2000,1,159.16
DV_WSC,2000,2,161.31
DV_WSC,2000,3,163.51
DV_WSC,2000,4,165.27
DV_WSC,2001,1,169.72
DV_WSC,2001,2,171.7
DV_WSC,2001,3,173.14
DV_WSC,2001,4,175.01
DV_WSC,2002,1,175.67
DV_WSC,2002,2,177.12
DV_WSC,2002,3,179.88
DV_WSC,2002,4,181.93
DV_WSC,2003,1,183.05
DV_WSC,2003,2,184.47
DV_WSC,2003,3,185.47
DV_WSC,2003,4,187.12
DV_WSC,2004,1,188.5
DV_WSC,2004,2,190.63
DV_WSC,2004,3,192.56
DV_WSC,2004,4,195.08
DV_WSC,2005,1,196.45
DV_WSC,2005,2,199.86
DV_WSC,2005,3,203.34
DV_WSC,2005,4,206.41
DV_WSC,2006,1,209.26
DV_WSC,2006,2,212.72
DV_WSC,2006,3,215.77
DV_WSC,2006,4,218.72
DV_WSC,2007,1,221.4
DV_WSC,2007,2,224.35
DV_WSC,2007,3,225.31
DV_WSC,2007,4,226.88
DV_WSC,2008,1,227.93
DV_WSC,2008,2,228.41
DV_WSC,2008,3,227.05
DV_WSC,2008,4,227.56
DV_WSC,2009,1,230.34
DV_WSC,2009,2,228.59
DV_WSC,2009,3,226.2
DV_WSC,2009,4,225.85
DV_WSC,2010,1,224.18
DV_WSC,2010,2,224.16
DV_WSC,2010,3,225.79
DV_WSC,2010,4,224.9
DV_WSC,2011,1,221.44
DV_WSC,2011,2,220.44
DV_WSC,2011,3,221.82
DV_WSC,2011,4,222.8
DV_WSC,2012,1,222.57
DV_WSC,2012,2,223.39
DV_WSC,2012,3,225.61
DV_WSC,2012,4,226.97
DV_WSC,2013,1,228.12
DV_WSC,2013,2,231.27
DV_WSC,2013,3,234.28
DV_WSC,2013,4,235.9
DV_WSC,2014,1,239.09
DV_WSC,2014,2,243.7
DV_WSC,2014,3,247.64
DV_WSC,2014,4,250.09
DV_WSC,2015,1,253.25
DV_WSC,2015,2,258.22
DV_WSC,2015,3,262.94
DV_WSC,2015,4,264.88
DV_WSC,2016,1,267.6
DV_WSC,2016,2,273.31
DV_WSC,2016,3,277.85
DV_WSC,2016,4,280.18
DV_WSC,2017,1,283.19
DV_WSC,2017,2,289.91
DV_WSC,2017,3,293.72
DV_WSC,2017,4,295.99
DV_WSC,2018,1,299.03
DV_WSC,2018,2,304.19
DV_WSC,2018,3,307.43
DV_WSC,2018,4,308.46
DV_WSC,2019,1,312.02
DV_WSC,2019,2,316.81
DV_WSC,2019,3,320.6
DV_WSC,2019,4,322.94
DV_WSC,2020,1,326.42
DV_WSC,2020,2,328.82
DV_WSC,2020,3,333.6
DV_WSC,2020,4,340.63
DV_WSC,2021,1,347.7
DV_WSC,2021,2,365.95
DV_WSC,2021,3,387.16
DV_WSC,2021,4,401.69
USA,1975,1,60.01
USA,1975,2,60.96
USA,1975,3,61.15
USA,1975,4,62.24
USA,1976,1,62.88
USA,1976,2,65.45
USA,1976,3,66.51
USA,1976,4,67.25
USA,1977,1,69.48
USA,1977,2,72.72
USA,1977,3,74.34
USA,1977,4,77.18
USA,1978,1,79.59
USA,1978,2,82.74
USA,1978,3,85.16
USA,1978,4,87.48
USA,1979,1,91.42
USA,1979,2,94.45
USA,1979,3,96.46
USA,1979,4,98.25
USA,1980,1,100
USA,1980,2,101.63
USA,1980,3,104.42
USA,1980,4,104.61
USA,1981,1,105.18
USA,1981,2,107.44
USA,1981,3,108.83
USA,1981,4,107.5
USA,1982,1,106.22
USA,1982,2,108.86
USA,1982,3,107.08
USA,1982,4,111.73
USA,1983,1,114.44
USA,1983,2,115.93
USA,1983,3,116.95
USA,1983,4,117.65
USA,1984,1,119.44
USA,1984,2,121.04
USA,1984,3,122.18
USA,1984,4,123.16
USA,1985,1,124.9
USA,1985,2,126.79
USA,1985,3,128.76
USA,1985,4,130.2
USA,1986,1,132.73
USA,1986,2,135.5
USA,1986,3,137.56
USA,1986,4,139.69
USA,1987,1,142.46
USA,1987,2,144.68
USA,1987,3,146.35
USA,1987,4,147.3
USA,1988,1,149.59
USA,1988,2,152.59
USA,1988,3,154.17
USA,1988,4,155.58
USA,1989,1,157.4
USA,1989,2,159.56
USA,1989,3,162.97
USA,1989,4,164.31
USA,1990,1,165.25
USA,1990,2,165.93
USA,1990,3,166.96
USA,1990,4,166.31
USA,1991,1,167.68
USA,1991,2,168.8
USA,1991,3,169.12
USA,1991,4,171.49
USA,1992,1,172.81
USA,1992,2,172.78
USA,1992,3,174.74
USA,1992,4,175.62
USA,1993,1,175.7
USA,1993,2,177.38
USA,1993,3,178.82
USA,1993,4,180.29
USA,1994,1,181.42
USA,1994,2,182.5
USA,1994,3,183.26
USA,1994,4,183.1
USA,1995,1,184.06
USA,1995,2,187.09
USA,1995,3,189.97
USA,1995,4,191.44
USA,1996,1,193.58
USA,1996,2,193.9
USA,1996,3,194.77
USA,1996,4,196.28
USA,1997,1,197.92
USA,1997,2,199.54
USA,1997,3,202.26
USA,1997,4,204.89
USA,1998,1,207.97
USA,1998,2,209.82
USA,1998,3,212.76
USA,1998,4,215.28
USA,1999,1,217.54
USA,1999,2,220.45
USA,1999,3,223.59
USA,1999,4,225.89
USA,2000,1,230.21
USA,2000,2,233.96
USA,2000,3,238.22
USA,2000,4,241.87
USA,2001,1,247.85
USA,2001,2,252.01
USA,2001,3,255.92
USA,2001,4,259.09
USA,2002,1,262.81
USA,2002,2,267.29
USA,2002,3,272.59
USA,2002,4,276.46
USA,2003,1,279.83
USA,2003,2,283.25
USA,2003,3,287.62
USA,2003,4,295.76
USA,2004,1,300.42
USA,2004,2,307.75
USA,2004,3,319.5
USA,2004,4,326.34
USA,2005,1,333.83
USA,2005,2,344.53
USA,2005,3,354.97
USA,2005,4,363.01
USA,2006,1,368.76
USA,2006,2,372.54
USA,2006,3,375.6
USA,2006,4,379.44
USA,2007,1,380.86
USA,2007,2,380.62
USA,2007,3,376.36
USA,2007,4,375.16
USA,2008,1,372.42
USA,2008,2,363.03
USA,2008,3,351.59
USA,2008,4,348.37
USA,2009,1,350.94
USA,2009,2,341.73
USA,2009,3,332.8
USA,2009,4,330.28
USA,2010,1,326.33
USA,2010,2,323.38
USA,2010,3,326.52
USA,2010,4,324.19
USA,2011,1,315.21
USA,2011,2,309.68
USA,2011,3,312
USA,2011,4,313.43
USA,2012,1,310.15
USA,2012,2,308.76
USA,2012,3,312.86
USA,2012,4,315.31
USA,2013,1,316.89
USA,2013,2,321.75
USA,2013,3,326.44
USA,2013,4,329.06
USA,2014,1,331.83
USA,2014,2,338.24
USA,2014,3,343.15
USA,2014,4,345.94
USA,2015,1,349.75
USA,2015,2,355.45
USA,2015,3,360.54
USA,2015,4,363.47
USA,2016,1,366.81
USA,2016,2,373.72
USA,2016,3,380.35
USA,2016,4,383.36
USA,2017,1,386.2
USA,2017,2,394.86
USA,2017,3,400.98
USA,2017,4,404.34
USA,2018,1,410.07
USA,2018,2,417.61
USA,2018,3,422.66
USA,2018,4,424.15
USA,2019,1,428.86
USA,2019,2,436
USA,2019,3,441.53
USA,2019,4,445.44
USA,2020,1,450.55
USA,2020,2,455.03
USA,2020,3,463.04
USA,2020,4,473.21
USA,2021,1,484.35
USA,2021,2,511.06
USA,2021,3,539.58
USA,2021,4,557.73
